	price	vehicleType	yearOfRegistration	gearbox	powerPS	model	kilometer	monthOfRegistration	fuelType	brand	notRepairedDamage
1	18300	coupe	2011	manual	190	not-declared	125000	5	diesel	audi	Yes
2	9800	suv	2004	automatic	163	grand	125000	8	diesel	jeep	not-declared
3	1500	kleinwagen	2001	manual	75	golf	150000	6	petrol	volkswagen	No
4	3600	kleinwagen	2008	manual	69	fabia	90000	7	diesel	skoda	No
5	650	limousine	1995	manual	102	3er	150000	10	petrol	bmw	Yes
6	2200	cabrio	2004	manual	109	2_reihe	150000	8	petrol	peugeot	No
8	14500	bus	2014	manual	125	c_max	30000	8	petrol	ford	not-declared
9	999	kleinwagen	1998	manual	101	golf	150000	0	not-declared	volkswagen	not-declared
10	2000	limousine	2004	manual	105	3_reihe	150000	12	petrol	mazda	No
11	2799	kombi	2005	manual	140	passat	150000	12	diesel	volkswagen	Yes
12	999	kombi	1995	manual	115	passat	150000	11	petrol	volkswagen	not-declared
13	2500	kombi	2004	manual	131	passat	150000	2	not-declared	volkswagen	No
14	17999	suv	2011	manual	190	navara	70000	3	diesel	nissan	No
16	300	not-declared	2016	not-declared	60	polo	150000	0	petrol	volkswagen	not-declared
17	1750	kleinwagen	2004	automatic	75	twingo	150000	2	petrol	renault	No
18	7550	bus	2007	manual	136	c_max	150000	6	diesel	ford	No
19	1850	bus	2004	manual	102	a_klasse	150000	1	petrol	mercedes_benz	No
20	10400	coupe	2009	manual	160	scirocco	100000	4	petrol	volkswagen	No
21	3699	limousine	2002	automatic	231	5er	150000	7	petrol	bmw	No
24	500	limousine	1990	manual	118	andere	150000	10	petrol	mercedes_benz	Yes
25	2500	kombi	2002	automatic	193	5er	150000	9	diesel	bmw	Yes
27	6900	limousine	2008	manual	99	civic	60000	11	petrol	honda	No
29	690	kleinwagen	2003	manual	60	punto	150000	3	petrol	fiat	No
30	3300	limousine	1995	automatic	113	e_klasse	150000	1	diesel	mercedes_benz	No
31	899	not-declared	2016	manual	60	clio	150000	6	petrol	renault	not-declared
33	18000	limousine	2007	automatic	218	3er	20000	5	petrol	bmw	No
34	3500	limousine	2004	automatic	122	e_klasse	150000	11	diesel	mercedes_benz	No
35	350	not-declared	2016	manual	75	golf	150000	4	petrol	volkswagen	No
36	1600	andere	1991	manual	75	kadett	70000	0	not-declared	opel	not-declared
38	11900	andere	2002	manual	129	andere	150000	11	diesel	volkswagen	No
39	1500	bus	1984	manual	70	andere	150000	8	diesel	mercedes_benz	No
41	7500	limousine	2002	automatic	306	e_klasse	150000	4	not-declared	mercedes_benz	not-declared
42	12500	limousine	2006	automatic	231	5er	150000	11	diesel	bmw	not-declared
43	6990	limousine	2007	manual	95	one	100000	8	petrol	mini	No
44	3900	kleinwagen	2008	automatic	61	fortwo	80000	6	petrol	smart	not-declared
45	590	kleinwagen	1999	manual	75	clio	125000	8	petrol	renault	No
46	7999	limousine	2007	manual	177	1er	150000	8	diesel	bmw	No
47	2100	kombi	1998	automatic	193	5er	150000	2	petrol	bmw	No
49	13500	bus	2012	automatic	109	b_klasse	150000	7	diesel	mercedes_benz	No
50	14800	cabrio	2008	manual	170	1er	125000	4	petrol	bmw	not-declared
52	1400	not-declared	2016	manual	55	andere	5000	1	not-declared	hyundai	not-declared
53	7999	limousine	2008	automatic	143	3er	150000	12	diesel	bmw	not-declared
56	39600	coupe	2014	automatic	306	andere	30000	7	petrol	bmw	No
57	3000	cabrio	2006	automatic	61	fortwo	80000	1	petrol	smart	No
59	1000	limousine	1998	manual	101	golf	150000	10	petrol	volkswagen	No
61	200	coupe	1995	manual	102	3er	150000	4	petrol	bmw	not-declared
62	7499	limousine	2004	automatic	232	a8	150000	3	diesel	audi	Yes
63	5500	kleinwagen	2010	manual	60	fabia	70000	4	petrol	skoda	No
64	7000	limousine	2006	automatic	105	jetta	100000	10	diesel	volkswagen	No
65	14999	cabrio	2007	manual	218	3er	50000	8	petrol	bmw	No
67	9700	coupe	2008	manual	160	scirocco	150000	8	petrol	volkswagen	No
68	2100	suv	2000	manual	105	andere	150000	8	petrol	honda	No
69	1280	limousine	1992	automatic	109	andere	150000	9	petrol	mercedes_benz	not-declared
72	2300	not-declared	1997	manual	150	5er	150000	3	not-declared	bmw	No
74	7999	kombi	2008	manual	156	c_klasse	150000	10	petrol	mercedes_benz	No
75	6600	limousine	2006	manual	105	golf	150000	10	diesel	volkswagen	No
76	7999	kleinwagen	2013	manual	80	micra	40000	4	petrol	nissan	No
77	1400	andere	2003	manual	82	vito	150000	8	diesel	mercedes_benz	No
78	800	not-declared	2000	manual	90	golf	150000	2	diesel	volkswagen	not-declared
79	5000	bus	2006	manual	109	sprinter	150000	4	diesel	mercedes_benz	No
80	20300	limousine	2010	automatic	204	e_klasse	80000	12	diesel	mercedes_benz	No
81	150	not-declared	2016	manual	75	astra	150000	3	petrol	opel	Yes
82	250	kombi	2000	manual	155	156	150000	0	petrol	alfa_romeo	Yes
83	350	kleinwagen	1997	manual	54	not-declared	150000	3	not-declared	fiat	Yes
84	600	limousine	1994	manual	75	escort	100000	6	petrol	ford	Yes
85	3300	kombi	2005	manual	150	c_klasse	150000	9	diesel	mercedes_benz	Yes
86	1600	kombi	1997	automatic	122	forester	150000	10	petrol	subaru	No
87	8000	suv	2005	manual	185	xc_reihe	150000	8	diesel	volvo	not-declared
88	1800	bus	2001	manual	87	andere	150000	7	diesel	mitsubishi	No
89	6800	kleinwagen	2009	manual	82	fiesta	60000	12	petrol	ford	No
90	2990	bus	2004	manual	113	scenic	150000	12	petrol	renault	No
93	1222	limousine	1984	automatic	180	andere	150000	3	petrol	opel	not-declared
94	250	not-declared	2000	not-declared	60	ka	150000	0	not-declared	ford	not-declared
95	14500	kleinwagen	2013	manual	86	a1	60000	4	petrol	audi	No
97	3850	limousine	2003	manual	131	passat	150000	5	diesel	volkswagen	No
98	23490	limousine	2013	automatic	143	3er	40000	6	diesel	bmw	No
99	6450	bus	2008	manual	84	transporter	150000	12	not-declared	volkswagen	No
100	1700	kleinwagen	1999	automatic	102	a_klasse	125000	11	petrol	mercedes_benz	No
102	1500	kombi	2006	manual	109	focus	150000	10	diesel	ford	No
103	499	limousine	1995	manual	101	a4	150000	5	petrol	audi	not-declared
104	22999	coupe	2012	automatic	303	andere	50000	4	petrol	hyundai	No
105	6500	limousine	2004	manual	163	a4	150000	4	diesel	audi	not-declared
106	900	kombi	1999	manual	125	c_klasse	150000	7	diesel	mercedes_benz	No
107	650	limousine	1997	automatic	102	3er	150000	8	petrol	bmw	not-declared
108	300	cabrio	1992	manual	105	escort	150000	0	not-declared	ford	Yes
109	3399	coupe	1999	manual	224	tt	150000	9	petrol	audi	Yes
110	1300	kombi	1997	manual	101	passat	150000	10	petrol	volkswagen	No
111	900	not-declared	1995	manual	90	civic	150000	3	petrol	honda	not-declared
112	7300	limousine	2009	automatic	235	5er	100000	3	diesel	bmw	No
113	8599	cabrio	2006	manual	200	astra	125000	9	petrol	opel	No
116	5900	kombi	2005	automatic	178	a6	150000	1	diesel	audi	No
117	6300	limousine	2002	manual	265	golf	150000	3	petrol	volkswagen	No
118	3500	coupe	1991	manual	160	andere	150000	5	petrol	volkswagen	No
120	5950	limousine	2006	manual	163	3er	150000	1	diesel	bmw	Yes
121	1699	kleinwagen	2003	manual	77	jazz	150000	8	petrol	honda	No
122	4699	bus	1996	manual	110	transporter	150000	8	petrol	volkswagen	No
123	400	limousine	2000	manual	144	omega	150000	10	not-declared	opel	Yes
124	9290	kleinwagen	2010	manual	86	polo	40000	5	petrol	volkswagen	No
125	7000	limousine	2003	manual	120	slk	150000	5	petrol	mercedes_benz	No
126	1199	kleinwagen	2000	manual	60	twingo	150000	5	petrol	renault	No
127	1750	limousine	2002	manual	75	focus	125000	1	petrol	ford	No
128	1000	limousine	1990	manual	54	golf	150000	2	petrol	volkswagen	No
129	1800	limousine	1995	automatic	286	7er	150000	12	petrol	bmw	Yes
131	1100	bus	2003	manual	75	combo	150000	3	diesel	opel	No
132	2990	kombi	2001	automatic	170	e_klasse	150000	1	diesel	mercedes_benz	No
133	300	kleinwagen	2000	manual	54	corsa	150000	0	petrol	opel	not-declared
135	2750	kombi	2001	manual	131	passat	150000	12	diesel	volkswagen	No
136	6990	kombi	2012	manual	75	fabia	100000	5	diesel	skoda	No
137	4800	cabrio	1996	manual	116	80	150000	6	petrol	audi	No
138	14499	limousine	2007	automatic	170	c_klasse	125000	5	diesel	mercedes_benz	No
139	1450	limousine	1992	manual	136	not-declared	150000	0	not-declared	audi	No
140	4300	limousine	2005	manual	90	golf	150000	11	diesel	volkswagen	not-declared
141	2499	limousine	2003	manual	110	civic	150000	12	petrol	honda	not-declared
142	3450	limousine	2007	manual	120	147	150000	4	diesel	alfa_romeo	No
143	350	limousine	1996	manual	122	c_klasse	150000	9	petrol	mercedes_benz	not-declared
144	3550	kombi	2000	automatic	184	5er	150000	11	diesel	bmw	No
145	8250	bus	2010	manual	109	c_max	125000	10	diesel	ford	No
146	800	kleinwagen	1998	manual	54	clio	150000	11	petrol	renault	No
147	1500	kombi	1996	manual	126	a4	150000	0	not-declared	audi	No
148	41900	suv	2014	automatic	204	glk	40000	9	diesel	mercedes_benz	No
149	4200	kombi	2003	automatic	204	3er	150000	1	diesel	bmw	No
151	1000	kleinwagen	1996	manual	75	golf	150000	3	petrol	volkswagen	No
153	800	limousine	2004	manual	88	3_reihe	150000	9	petrol	peugeot	Yes
154	2300	limousine	2000	manual	160	c_klasse	150000	5	petrol	mercedes_benz	No
155	4000	kombi	2003	automatic	163	a6	150000	6	diesel	audi	No
156	6799	kleinwagen	2009	not-declared	60	not-declared	20000	5	petrol	volkswagen	No
158	9450	cabrio	2004	manual	170	z_reihe	150000	12	petrol	bmw	No
161	6890	limousine	2003	manual	170	c_klasse	125000	2	diesel	mercedes_benz	No
162	7500	suv	2007	automatic	194	sorento	5000	11	petrol	kia	not-declared
164	1499	kleinwagen	2002	manual	140	a_klasse	150000	10	not-declared	mercedes_benz	No
166	1495	kombi	2001	not-declared	64	not-declared	150000	9	diesel	volkswagen	not-declared
169	850	limousine	1989	manual	69	golf	125000	11	petrol	volkswagen	No
170	8500	bus	2007	manual	131	transporter	150000	12	diesel	volkswagen	No
172	1500	limousine	2000	manual	75	civic	125000	11	petrol	honda	No
173	950	limousine	1995	manual	115	5er	150000	0	petrol	bmw	not-declared
174	3200	kleinwagen	2004	manual	64	ibiza	80000	2	petrol	seat	No
175	11890	bus	2011	manual	116	c_max	150000	4	diesel	ford	No
176	2900	coupe	2000	automatic	170	3er	150000	2	petrol	bmw	No
177	19750	cabrio	2006	manual	305	mustang	50000	7	petrol	ford	No
178	9800	cabrio	2006	manual	150	eos	60000	11	petrol	volkswagen	No
179	1990	kleinwagen	2003	manual	80	fiesta	125000	4	petrol	ford	No
180	10500	bus	2006	automatic	150	vito	150000	6	diesel	mercedes_benz	No
181	11000	limousine	2012	manual	131	astra	70000	3	diesel	opel	No
183	2390	kombi	2000	automatic	197	e_klasse	150000	5	diesel	mercedes_benz	No
184	16449	kombi	2015	automatic	110	fabia	10000	8	petrol	skoda	No
186	3000	not-declared	2016	automatic	75	fabia	150000	0	petrol	skoda	not-declared
187	14300	limousine	2011	manual	120	a4	60000	5	petrol	audi	No
188	5999	kleinwagen	2009	manual	80	polo	125000	5	petrol	volkswagen	No
189	3700	kombi	2003	automatic	179	a6	150000	11	diesel	audi	No
190	8999	bus	2007	manual	105	touran	90000	2	diesel	volkswagen	No
191	14000	limousine	2008	not-declared	235	not-declared	150000	0	not-declared	bmw	No
192	25000	coupe	1968	automatic	305	mustang	90000	11	petrol	ford	No
193	2790	limousine	1992	manual	90	80	80000	3	petrol	audi	No
194	13400	limousine	2008	manual	170	3er	100000	12	petrol	bmw	No
195	4900	bus	2006	manual	102	golf	150000	8	petrol	volkswagen	Yes
196	11299	limousine	2006	automatic	250	golf	150000	8	petrol	volkswagen	No
197	550	andere	1997	manual	75	golf	150000	6	petrol	volkswagen	No
198	1400	kleinwagen	2006	manual	88	getz	150000	7	diesel	hyundai	Yes
200	9500	kombi	2011	manual	131	insignia	150000	12	diesel	opel	No
201	1800	kombi	1999	manual	90	golf	150000	4	diesel	volkswagen	No
204	1350	kleinwagen	2002	manual	60	ka	150000	8	petrol	ford	not-declared
205	11000	kombi	2006	automatic	231	5er	150000	11	diesel	bmw	No
206	1999	not-declared	2016	manual	110	almera	150000	9	diesel	nissan	not-declared
207	6900	cabrio	2006	manual	163	megane	100000	1	petrol	renault	No
209	12999	kombi	2008	automatic	179	a6	150000	8	diesel	audi	No
210	18400	kombi	2011	automatic	313	5er	150000	11	diesel	bmw	No
211	999	limousine	1995	manual	75	andere	150000	10	petrol	volkswagen	No
212	12899	kombi	2009	automatic	140	a3	150000	9	diesel	audi	No
213	10500	limousine	2010	manual	143	3er	150000	5	diesel	bmw	No
215	8500	limousine	2010	manual	80	golf	50000	3	petrol	volkswagen	No
216	14900	limousine	2007	manual	265	1er	150000	10	petrol	bmw	No
217	500	kleinwagen	1994	manual	75	golf	150000	3	petrol	volkswagen	No
219	1250	limousine	1996	manual	125	a3	150000	9	petrol	audi	No
220	370	kleinwagen	1992	manual	54	polo	125000	10	petrol	volkswagen	No
221	1000	kombi	1999	manual	165	a6	150000	0	not-declared	audi	not-declared
222	350	limousine	1993	manual	88	r19	150000	3	petrol	renault	No
223	8600	coupe	2007	manual	197	3er	150000	4	diesel	bmw	No
225	2222	cabrio	1991	manual	98	golf	150000	3	petrol	volkswagen	No
226	850	not-declared	1985	manual	54	caddy	150000	0	diesel	volkswagen	not-declared
227	11800	limousine	2005	automatic	218	3er	150000	11	petrol	bmw	No
228	4000	bus	2008	manual	115	c_max	125000	6	diesel	ford	Yes
229	4650	kombi	2005	automatic	150	c_klasse	150000	8	diesel	mercedes_benz	not-declared
230	1450	kleinwagen	1999	manual	75	2_reihe	150000	8	petrol	peugeot	No
232	800	kombi	2002	manual	115	mondeo	150000	12	diesel	ford	not-declared
233	1600	kombi	2000	manual	90	cordoba	150000	11	not-declared	seat	No
234	2800	limousine	2004	manual	75	golf	100000	9	petrol	volkswagen	Yes
235	5499	kombi	2004	manual	122	c_klasse	150000	9	diesel	mercedes_benz	No
236	5500	limousine	2000	manual	170	3er	150000	5	petrol	bmw	No
239	22290	kombi	2013	manual	150	a4	50000	8	diesel	audi	No
240	3750	not-declared	2005	not-declared	75	golf	150000	0	not-declared	volkswagen	not-declared
241	1440	bus	2003	manual	109	andere	150000	11	diesel	lancia	No
242	1150	kleinwagen	2000	manual	75	clio	150000	3	petrol	renault	No
243	15700	limousine	2011	manual	170	golf	90000	3	diesel	volkswagen	No
244	899	coupe	1995	manual	102	3er	150000	8	petrol	bmw	No
246	9200	kombi	2006	manual	150	3er	150000	1	petrol	bmw	No
247	3350	bus	2000	manual	130	sprinter	150000	12	diesel	mercedes_benz	No
248	2700	kleinwagen	2006	manual	75	clio	125000	6	petrol	renault	Yes
249	800	bus	2001	automatic	114	andere	150000	4	petrol	mazda	Yes
251	9800	limousine	2008	automatic	140	a6	150000	10	diesel	audi	No
252	14700	limousine	2012	automatic	211	golf	60000	12	petrol	volkswagen	Yes
253	1200	limousine	1997	manual	101	golf	150000	1	petrol	volkswagen	not-declared
254	895	limousine	1995	manual	75	colt	70000	3	petrol	mitsubishi	No
255	950	kleinwagen	1995	manual	54	polo	150000	5	petrol	volkswagen	No
256	8000	limousine	2006	manual	177	impreza	150000	0	not-declared	subaru	No
257	6799	limousine	2002	automatic	286	5er	150000	2	lpg	bmw	No
258	500	kleinwagen	1999	manual	56	corsa	150000	8	petrol	opel	No
259	11919	kleinwagen	2012	automatic	90	polo	30000	11	petrol	volkswagen	No
260	25900	coupe	2009	manual	265	andere	125000	5	petrol	porsche	No
261	300	kleinwagen	1993	manual	90	golf	150000	8	petrol	volkswagen	not-declared
262	10800	kleinwagen	2010	manual	105	a1	125000	12	diesel	audi	No
263	650	limousine	2002	manual	101	vectra	150000	1	petrol	opel	No
264	800	kombi	2000	manual	118	3er	150000	9	petrol	bmw	Yes
265	1690	kleinwagen	2001	manual	75	lupo	150000	5	diesel	volkswagen	No
266	3650	cabrio	2004	manual	113	megane	150000	9	petrol	renault	not-declared
267	4850	bus	2009	manual	75	berlingo	80000	1	diesel	citroen	No
270	4500	kombi	2007	manual	140	passat	150000	11	diesel	volkswagen	No
271	3900	kombi	2003	manual	131	passat	150000	4	petrol	volkswagen	No
272	26999	bus	2013	automatic	140	transporter	80000	10	diesel	volkswagen	No
273	750	kombi	2000	manual	101	passat	150000	3	petrol	volkswagen	No
274	5900	limousine	1999	automatic	184	7er	150000	10	diesel	bmw	No
275	56900	limousine	2015	automatic	326	a6	5000	7	diesel	audi	No
276	1100	limousine	2000	manual	116	golf	150000	4	petrol	volkswagen	No
277	48000	coupe	2014	automatic	265	andere	80000	10	diesel	mercedes_benz	No
278	8400	kleinwagen	2009	manual	201	clio	70000	6	petrol	renault	No
280	800	limousine	1998	manual	75	golf	150000	5	petrol	volkswagen	Yes
281	27500	suv	2009	automatic	224	m_klasse	150000	12	diesel	mercedes_benz	No
282	14950	bus	2009	manual	140	touran	70000	3	petrol	volkswagen	No
283	14900	cabrio	2004	manual	170	z_reihe	70000	6	petrol	bmw	No
284	2950	limousine	1998	automatic	235	5er	150000	5	petrol	bmw	No
285	1500	coupe	1994	manual	116	not-declared	150000	8	not-declared	audi	No
286	12000	suv	2011	manual	101	tiguan	150000	7	diesel	volkswagen	No
287	2500	kombi	2001	automatic	150	c_klasse	150000	11	diesel	mercedes_benz	No
288	2400	cabrio	2001	not-declared	115	golf	150000	8	petrol	volkswagen	No
290	6000	coupe	1995	manual	286	andere	150000	4	petrol	mitsubishi	No
291	8950	kleinwagen	2012	manual	95	fiesta	60000	1	diesel	ford	No
293	150	not-declared	2016	automatic	75	fiesta	50000	1	petrol	ford	Yes
294	18700	coupe	2009	automatic	213	mustang	80000	8	petrol	ford	No
295	9500	limousine	2012	manual	69	polo	50000	11	petrol	volkswagen	not-declared
296	11550	coupe	2009	automatic	140	passat	125000	12	diesel	volkswagen	No
298	2400	limousine	1989	manual	102	3er	150000	10	petrol	bmw	No
299	16150	suv	2011	manual	150	tiguan	30000	4	petrol	volkswagen	No
301	3000	coupe	2000	manual	179	tt	150000	2	petrol	audi	No
302	5500	limousine	2004	manual	90	golf	150000	10	diesel	volkswagen	No
303	2000	limousine	2004	manual	122	6_reihe	5000	7	diesel	mazda	No
304	300	kleinwagen	1998	manual	58	twingo	125000	11	not-declared	renault	not-declared
305	890	limousine	2000	manual	107	megane	150000	6	petrol	renault	Yes
306	2390	not-declared	2016	not-declared	83	jazz	150000	12	petrol	honda	No
308	1699	limousine	1999	not-declared	75	astra	150000	12	petrol	opel	not-declared
309	2899	bus	1996	manual	69	andere	150000	9	diesel	mitsubishi	No
310	4800	limousine	2004	manual	75	golf	80000	12	petrol	volkswagen	No
311	6799	limousine	2008	manual	174	3_reihe	90000	9	petrol	peugeot	No
312	3400	bus	2003	manual	100	touran	150000	0	diesel	volkswagen	not-declared
313	2650	limousine	2004	manual	125	astra	150000	6	petrol	opel	No
314	1000	kleinwagen	1999	manual	107	clio	150000	6	petrol	renault	No
315	800	coupe	1997	manual	125	a3	150000	0	petrol	audi	Yes
316	5299	cabrio	2002	manual	220	a4	150000	4	petrol	audi	No
317	7150	limousine	2002	manual	150	e_klasse	150000	3	diesel	mercedes_benz	No
319	2300	coupe	2006	manual	88	c4	150000	6	petrol	citroen	No
322	5500	bus	2006	manual	140	golf	150000	8	diesel	volkswagen	No
323	4400	kleinwagen	1997	manual	54	panda	125000	7	petrol	fiat	No
324	7950	limousine	2008	manual	140	a3	150000	10	diesel	audi	No
325	16500	coupe	2007	manual	265	z_reihe	150000	3	petrol	bmw	No
326	8100	cabrio	2004	automatic	170	z_reihe	150000	9	petrol	bmw	No
328	9750	kleinwagen	2013	automatic	75	up	60000	7	petrol	volkswagen	No
329	7700	limousine	2009	manual	185	3_reihe	150000	5	diesel	mazda	No
330	2500	cabrio	1999	manual	88	3_reihe	150000	6	petrol	peugeot	not-declared
331	1195	kleinwagen	1999	automatic	54	fortwo	125000	11	petrol	smart	No
332	9790	kombi	2014	manual	73	clio	30000	4	petrol	renault	No
333	1849	kleinwagen	1999	manual	54	clio	90000	7	petrol	renault	No
335	650	kombi	1991	manual	77	transporter	150000	7	diesel	volkswagen	Yes
336	2600	coupe	1998	manual	170	andere	150000	10	petrol	toyota	No
337	11700	kombi	2008	manual	170	andere	150000	7	diesel	mercedes_benz	No
338	600	bus	1998	manual	90	scenic	150000	6	petrol	renault	Yes
339	4950	kombi	2009	manual	109	i_reihe	150000	9	petrol	hyundai	No
341	8499	cabrio	2006	manual	150	3er	150000	3	petrol	bmw	No
343	1700	limousine	1999	manual	101	golf	150000	6	petrol	volkswagen	No
344	5750	limousine	2010	manual	90	ceed	100000	2	petrol	kia	No
345	600	bus	2001	manual	75	kangoo	150000	12	petrol	renault	Yes
347	8700	limousine	2004	automatic	170	5er	150000	1	petrol	bmw	No
348	1200	kombi	1999	automatic	125	c_klasse	150000	2	diesel	mercedes_benz	No
349	18880	bus	2014	manual	116	5_reihe	20000	11	diesel	mazda	No
350	11200	kombi	2008	automatic	177	5er	150000	7	diesel	bmw	No
352	3900	kleinwagen	2003	manual	75	ibiza	125000	2	petrol	seat	No
353	13849	limousine	2010	manual	143	1er	80000	12	diesel	bmw	No
354	13200	suv	2013	manual	105	yeti	40000	3	petrol	skoda	No
355	2500	kombi	2001	manual	101	fabia	125000	8	petrol	skoda	No
356	2550	kleinwagen	2006	manual	54	fabia	150000	4	petrol	skoda	No
357	3900	kombi	2006	manual	102	octavia	150000	11	lpg	skoda	No
358	2450	limousine	2001	manual	231	3er	150000	11	petrol	bmw	No
360	750	kombi	1998	manual	90	passat	150000	12	diesel	volkswagen	No
361	1799	bus	1999	automatic	116	zafira	150000	7	petrol	opel	No
363	8150	kleinwagen	2012	manual	75	mii	60000	11	petrol	seat	No
364	3900	coupe	2004	manual	192	rx_reihe	125000	7	petrol	mazda	No
365	5500	kleinwagen	2012	manual	68	not-declared	40000	12	not-declared	peugeot	No
366	9999	kleinwagen	2014	manual	90	corsa	20000	9	petrol	opel	No
368	500	kombi	2001	manual	131	mondeo	150000	12	diesel	ford	No
369	699	limousine	1992	manual	66	golf	150000	10	lpg	volkswagen	No
370	999	cabrio	1994	manual	115	astra	150000	3	petrol	opel	No
371	6250	limousine	2003	not-declared	299	a6	150000	3	petrol	audi	not-declared
374	16500	coupe	1983	manual	218	6er	150000	10	petrol	bmw	No
375	6500	limousine	2007	manual	125	focus	125000	9	others	ford	No
377	1200	not-declared	2016	manual	75	modus	150000	0	petrol	renault	Yes
378	1480	cabrio	2000	manual	74	golf	150000	6	petrol	volkswagen	not-declared
379	1490	kleinwagen	2000	manual	60	punto	100000	6	petrol	fiat	No
380	3200	kombi	2008	manual	110	astra	150000	5	diesel	opel	No
381	3250	kombi	2003	manual	163	a6	150000	4	diesel	audi	No
382	3400	kleinwagen	2006	manual	54	fox	70000	6	petrol	volkswagen	No
383	1100	kleinwagen	2002	manual	58	twingo	150000	5	petrol	renault	No
384	1750	limousine	2002	manual	125	vectra	150000	4	diesel	opel	No
385	3300	kombi	2006	automatic	140	passat	150000	11	diesel	volkswagen	No
386	1350	kleinwagen	2005	manual	52	matiz	150000	6	petrol	chevrolet	Yes
387	8250	kleinwagen	2012	manual	69	panda	80000	2	petrol	fiat	No
388	2500	kleinwagen	2000	manual	115	beetle	150000	1	petrol	volkswagen	No
389	3999	kombi	2004	automatic	163	a6	150000	3	diesel	audi	No
390	21500	suv	2007	automatic	510	m_klasse	150000	4	lpg	mercedes_benz	No
391	7000	limousine	2007	manual	143	1er	150000	9	petrol	bmw	No
392	2950	bus	2005	manual	131	andere	150000	6	diesel	renault	No
393	4850	kleinwagen	2010	manual	77	i_reihe	100000	12	petrol	hyundai	not-declared
394	1100	kleinwagen	2000	manual	60	punto	60000	6	petrol	fiat	No
395	3600	limousine	2003	manual	147	vectra	125000	4	petrol	opel	No
396	7750	limousine	2009	manual	80	golf	125000	9	petrol	volkswagen	No
397	2950	kleinwagen	2004	manual	54	polo	90000	12	petrol	volkswagen	not-declared
399	6880	kombi	2007	automatic	150	5er	150000	9	diesel	bmw	No
400	5600	bus	2008	automatic	140	golf	150000	7	diesel	volkswagen	No
401	10550	limousine	2012	automatic	105	golf	60000	10	petrol	volkswagen	No
402	17500	limousine	2013	manual	122	a_klasse	40000	11	petrol	mercedes_benz	No
403	999	kleinwagen	1999	manual	60	ibiza	150000	4	petrol	seat	No
405	2000	kombi	1998	manual	115	astra	150000	12	petrol	opel	No
407	6250	not-declared	2016	manual	310	astra	150000	0	not-declared	opel	not-declared
408	2700	limousine	1999	manual	125	a4	125000	7	petrol	audi	No
410	5555	cabrio	2010	automatic	71	fortwo	90000	3	petrol	smart	No
411	8450	limousine	2010	manual	95	a_klasse	70000	12	petrol	mercedes_benz	No
412	2750	cabrio	2001	manual	147	astra	150000	9	petrol	opel	not-declared
414	680	limousine	2000	manual	75	focus	150000	5	petrol	ford	No
416	4650	kleinwagen	2009	manual	73	2_reihe	70000	10	petrol	peugeot	No
417	4450	kleinwagen	2007	manual	97	rio	70000	6	petrol	kia	No
418	1999	kleinwagen	2003	manual	65	micra	80000	6	petrol	nissan	No
419	9650	bus	2011	manual	110	zafira	100000	3	diesel	opel	No
420	2700	limousine	1992	automatic	220	e_klasse	150000	12	petrol	mercedes_benz	not-declared
424	3850	limousine	2004	automatic	82	a_klasse	125000	6	petrol	mercedes_benz	No
425	15500	suv	2008	automatic	239	touareg	150000	4	diesel	volkswagen	No
426	90500	cabrio	1959	automatic	295	andere	90000	7	petrol	chevrolet	No
427	13950	andere	2011	manual	140	not-declared	60000	11	diesel	alfa_romeo	No
428	3400	limousine	2002	automatic	193	5er	150000	12	diesel	bmw	not-declared
429	11500	kleinwagen	2010	automatic	179	ibiza	50000	11	petrol	seat	No
431	2800	kombi	2007	manual	68	logan	150000	6	diesel	dacia	No
433	1490	limousine	1992	automatic	136	e_klasse	150000	2	petrol	mercedes_benz	No
434	650	kombi	2000	manual	75	caddy	150000	6	diesel	volkswagen	not-declared
435	1199	suv	1992	manual	80	andere	150000	5	petrol	suzuki	No
437	3200	cabrio	2001	manual	150	spider	150000	6	not-declared	alfa_romeo	not-declared
438	4000	limousine	2004	manual	203	andere	150000	9	lpg	kia	No
439	6450	kombi	2006	manual	150	megane	125000	9	diesel	renault	No
440	1690	kleinwagen	2001	manual	75	corsa	150000	10	petrol	opel	No
441	1750	limousine	2002	automatic	150	passat	150000	12	diesel	volkswagen	No
442	2990	limousine	2001	automatic	82	a_klasse	70000	3	petrol	mercedes_benz	No
443	1299	not-declared	2016	manual	75	astra	150000	5	not-declared	opel	No
447	650	kombi	2000	manual	144	omega	150000	4	petrol	opel	Yes
448	5500	andere	2010	manual	120	andere	150000	7	diesel	citroen	No
449	1299	coupe	1998	manual	75	andere	150000	9	petrol	citroen	No
451	5800	bus	2007	manual	105	not-declared	150000	11	diesel	volkswagen	Yes
452	7600	kombi	2004	automatic	143	c_klasse	150000	12	petrol	mercedes_benz	No
453	13499	kombi	2010	automatic	160	golf	60000	4	petrol	volkswagen	No
454	1490	kleinwagen	2007	manual	58	cuore	150000	3	petrol	daihatsu	No
455	5500	limousine	2007	manual	80	golf	125000	7	petrol	volkswagen	No
456	2350	limousine	2003	manual	143	3er	150000	4	petrol	bmw	No
459	6350	bus	2009	automatic	140	s_max	150000	10	diesel	ford	No
460	750	bus	1999	manual	101	andere	150000	12	petrol	mazda	No
461	1500	limousine	1998	automatic	101	vectra	150000	8	petrol	opel	No
462	8500	limousine	2003	manual	300	a4	150000	3	petrol	audi	No
463	4300	kombi	2003	automatic	179	a6	150000	5	not-declared	audi	not-declared
464	850	kombi	2001	manual	103	andere	125000	3	petrol	fiat	No
465	6700	limousine	2009	manual	95	a_klasse	70000	10	petrol	mercedes_benz	No
466	29980	limousine	2013	manual	150	a3	50000	9	diesel	audi	No
467	2238	kleinwagen	2003	manual	75	corsa	125000	5	petrol	opel	No
468	250	kleinwagen	1994	manual	102	3er	150000	0	petrol	bmw	not-declared
469	3350	coupe	1997	manual	170	3er	150000	11	petrol	bmw	No
470	2000	bus	2005	manual	86	modus	150000	6	diesel	renault	No
471	14500	kombi	2007	manual	140	a6	100000	3	diesel	audi	No
472	4199	kleinwagen	2002	manual	75	a2	150000	1	petrol	audi	No
473	6999	kleinwagen	2009	manual	85	ibiza	30000	4	petrol	seat	No
474	4490	kleinwagen	2008	manual	60	polo	100000	11	petrol	volkswagen	No
475	43900	limousine	2013	automatic	245	x_reihe	40000	4	diesel	bmw	No
476	21950	cabrio	2010	manual	160	a5	90000	5	petrol	audi	No
477	1200	kleinwagen	2002	manual	90	3_reihe	150000	4	petrol	mazda	not-declared
478	8100	kombi	2004	automatic	150	e_klasse	150000	3	diesel	mercedes_benz	No
479	12650	kombi	2006	manual	258	5er	150000	6	petrol	bmw	No
480	2400	kombi	1997	manual	125	passat	150000	7	petrol	volkswagen	No
482	14500	limousine	2009	manual	160	a3	70000	3	petrol	audi	not-declared
485	24900	coupe	2009	automatic	292	e_klasse	125000	6	petrol	mercedes_benz	No
486	4300	limousine	2007	manual	90	golf	150000	2	diesel	volkswagen	No
487	2250	kleinwagen	2006	not-declared	61	fortwo	80000	11	petrol	smart	No
488	10550	kombi	2008	manual	143	a4	125000	9	diesel	audi	No
489	200	kleinwagen	1995	manual	60	ibiza	150000	10	petrol	seat	No
491	11500	limousine	2010	manual	170	a6	150000	1	petrol	audi	No
492	890	kombi	2002	manual	101	vectra	150000	4	diesel	opel	not-declared
493	20500	cabrio	2009	automatic	239	a5	150000	4	diesel	audi	No
494	2990	limousine	2006	manual	105	147	150000	6	petrol	alfa_romeo	No
495	9600	kombi	2008	manual	136	c_klasse	150000	8	diesel	mercedes_benz	No
497	1700	limousine	2000	manual	75	astra	100000	5	petrol	opel	No
499	4760	andere	2008	manual	98	andere	150000	3	diesel	peugeot	Yes
500	16500	bus	2012	manual	140	galaxy	80000	4	diesel	ford	No
501	5300	coupe	1999	manual	179	tt	125000	3	petrol	audi	No
502	3555	kleinwagen	2003	automatic	109	c3	100000	2	petrol	citroen	No
504	19900	bus	2009	manual	150	viano	90000	5	diesel	mercedes_benz	No
505	15200	limousine	2007	automatic	320	s_klasse	150000	7	diesel	mercedes_benz	No
506	700	kleinwagen	1994	manual	75	1_reihe	125000	3	petrol	mazda	not-declared
507	550	limousine	1995	manual	130	3er	150000	5	petrol	bmw	No
508	8700	cabrio	2006	manual	140	eos	150000	10	diesel	volkswagen	No
509	6990	kleinwagen	2012	manual	86	panda	50000	2	petrol	fiat	No
510	5500	limousine	2006	manual	90	c4	80000	5	petrol	citroen	not-declared
511	1650	kleinwagen	2006	manual	63	getz	150000	3	petrol	hyundai	No
512	7900	limousine	2009	manual	170	a3	150000	6	diesel	audi	No
513	4290	cabrio	2006	manual	109	2_reihe	90000	4	petrol	peugeot	not-declared
514	14650	limousine	2014	manual	86	golf	20000	12	petrol	volkswagen	No
515	3299	kombi	2002	manual	143	3er	150000	9	petrol	bmw	No
516	6500	kleinwagen	2012	manual	81	fiesta	40000	6	petrol	ford	No
517	600	kleinwagen	2002	manual	148	2_reihe	150000	11	petrol	peugeot	Yes
518	5800	limousine	2006	manual	102	golf	125000	9	petrol	volkswagen	No
519	1600	kombi	1999	manual	75	astra	150000	3	petrol	opel	No
520	8000	kombi	2011	automatic	156	c_klasse	30000	8	petrol	mercedes_benz	No
522	27500	coupe	2010	automatic	204	andere	100000	11	diesel	audi	No
523	6500	kombi	2007	manual	170	a4	150000	12	diesel	audi	Yes
525	2790	bus	2004	manual	109	andere	150000	5	diesel	citroen	No
526	2390	kleinwagen	2007	manual	54	andere	125000	8	petrol	volkswagen	No
527	9900	limousine	2008	automatic	170	3er	125000	11	petrol	bmw	Yes
528	6500	kombi	2009	manual	140	passat	150000	11	diesel	volkswagen	not-declared
529	1450	kombi	2001	manual	125	mondeo	150000	10	petrol	ford	No
530	3600	bus	2003	manual	131	sharan	150000	12	diesel	volkswagen	No
531	2295	cabrio	2000	automatic	54	fortwo	100000	5	petrol	smart	No
534	950	limousine	1991	manual	90	golf	150000	6	petrol	volkswagen	No
536	800	kombi	1998	manual	101	passat	150000	3	petrol	volkswagen	No
537	1250	suv	1998	manual	116	andere	125000	7	petrol	nissan	No
539	3250	kombi	2006	manual	129	avensis	125000	4	petrol	toyota	No
540	13500	bus	2007	automatic	204	viano	150000	6	diesel	mercedes_benz	No
541	4999	limousine	1999	manual	170	3er	150000	10	petrol	bmw	No
542	18300	suv	2013	manual	122	tiguan	40000	1	petrol	volkswagen	No
544	1000	kleinwagen	2001	manual	75	golf	150000	1	petrol	volkswagen	No
546	36500	cabrio	1981	manual	185	sl	150000	6	petrol	mercedes_benz	No
547	2700	kleinwagen	2003	manual	75	corsa	125000	2	petrol	opel	No
548	4990	bus	2007	manual	69	roomster	60000	10	petrol	skoda	No
550	6800	cabrio	2001	manual	192	3er	150000	3	lpg	bmw	No
551	30900	coupe	2011	automatic	354	a5	60000	11	petrol	audi	No
552	2999	kleinwagen	2009	manual	75	clio	80000	8	petrol	renault	No
553	1500	limousine	1991	manual	97	andere	150000	6	petrol	mercedes_benz	No
555	6500	cabrio	1981	automatic	204	sl	150000	3	petrol	mercedes_benz	Yes
556	28900	limousine	2010	automatic	239	q5	125000	10	diesel	audi	No
557	1900	kleinwagen	2004	manual	136	2_reihe	150000	6	petrol	peugeot	No
559	10490	kombi	2010	manual	140	a3	150000	12	diesel	audi	No
560	28499	kombi	2011	automatic	239	a4	90000	9	diesel	audi	No
561	2100	kleinwagen	2004	manual	83	andere	150000	2	petrol	suzuki	not-declared
562	3999	limousine	2003	manual	102	passat	150000	4	lpg	volkswagen	No
564	1350	kleinwagen	2001	manual	60	2_reihe	150000	11	petrol	peugeot	No
565	600	limousine	1994	manual	105	6_reihe	150000	4	petrol	mazda	No
566	4550	not-declared	2016	manual	101	golf	150000	8	diesel	volkswagen	No
567	800	kleinwagen	2005	manual	70	corsa	150000	12	diesel	opel	Yes
568	11500	kombi	2015	automatic	160	insignia	150000	5	diesel	opel	No
569	5000	bus	2000	manual	122	vito	150000	9	diesel	mercedes_benz	No
570	2400	kleinwagen	2004	manual	69	corsa	150000	10	diesel	opel	No
571	4800	suv	2004	manual	145	santa	150000	11	petrol	hyundai	No
572	3250	kleinwagen	2011	manual	60	fox	100000	6	petrol	volkswagen	No
573	200	not-declared	1995	manual	55	golf	150000	0	petrol	volkswagen	not-declared
574	11800	kombi	2006	manual	170	a3	150000	7	diesel	audi	No
576	3500	kombi	2000	automatic	143	e_klasse	150000	2	diesel	mercedes_benz	No
578	9499	limousine	2008	manual	136	c_klasse	150000	10	diesel	mercedes_benz	No
579	3500	kombi	1998	manual	125	passat	150000	3	petrol	volkswagen	No
580	1999	kleinwagen	2002	manual	60	lupo	100000	4	petrol	volkswagen	No
581	1500	kombi	1998	manual	150	5er	150000	4	petrol	bmw	No
582	400	limousine	1995	automatic	85	c_klasse	125000	9	petrol	mercedes_benz	Yes
583	12950	bus	2011	manual	105	touran	100000	5	diesel	volkswagen	No
584	2150	kleinwagen	2008	manual	64	getz	100000	0	petrol	hyundai	No
585	4999	coupe	1999	manual	180	tt	150000	1	petrol	audi	No
586	5200	kombi	2001	automatic	163	c_klasse	125000	3	petrol	mercedes_benz	No
589	9099	limousine	2004	manual	280	leon	125000	8	petrol	seat	No
590	8200	kleinwagen	2006	manual	122	cooper	90000	12	petrol	mini	No
591	2000	coupe	1995	manual	193	3er	150000	5	petrol	bmw	Yes
592	750	kleinwagen	1997	manual	75	golf	150000	1	petrol	volkswagen	No
595	1190	kleinwagen	2001	manual	60	lupo	125000	11	petrol	volkswagen	No
596	1200	bus	2000	manual	101	zafira	150000	3	petrol	opel	No
597	3000	limousine	2002	manual	116	6_reihe	90000	6	petrol	mazda	No
598	1150	kleinwagen	2001	manual	60	punto	150000	7	petrol	fiat	No
599	13980	limousine	2006	automatic	231	5er	150000	6	diesel	bmw	No
600	6499	bus	2006	manual	136	c_max	150000	1	diesel	ford	No
601	3499	limousine	2004	automatic	140	4_reihe	30000	10	not-declared	peugeot	Yes
602	8850	kombi	2005	automatic	190	e_klasse	150000	8	diesel	mercedes_benz	No
603	4000	bus	2001	manual	115	sharan	150000	0	diesel	volkswagen	No
606	1990	bus	2003	manual	90	andere	150000	10	diesel	ford	No
608	7199	limousine	2009	manual	140	golf	150000	2	diesel	volkswagen	No
609	16299	limousine	2010	automatic	239	a5	150000	6	diesel	audi	not-declared
610	1999	coupe	2001	manual	116	3er	150000	8	petrol	bmw	No
612	3800	cabrio	2005	manual	109	not-declared	100000	12	petrol	peugeot	not-declared
613	9990	suv	2010	manual	150	sportage	100000	10	diesel	kia	No
614	13800	kombi	2008	manual	190	a4	150000	10	diesel	audi	No
616	2150	kleinwagen	2003	automatic	75	twingo	150000	6	petrol	renault	No
617	2500	bus	1998	manual	90	caddy	150000	10	diesel	volkswagen	No
618	15750	kombi	2011	manual	184	3er	125000	4	diesel	bmw	No
619	990	kombi	1997	manual	101	golf	150000	7	petrol	volkswagen	not-declared
620	700	kleinwagen	2001	manual	75	golf	150000	1	petrol	volkswagen	not-declared
621	750	kombi	1997	manual	122	c_klasse	150000	7	petrol	mercedes_benz	No
623	12000	not-declared	2016	manual	105	golf	70000	6	not-declared	volkswagen	No
624	11800	limousine	2001	automatic	260	a8	150000	9	petrol	audi	No
625	2700	bus	1992	manual	60	transporter	150000	7	diesel	volkswagen	No
626	1650	kleinwagen	2006	manual	69	corsa	150000	4	diesel	opel	No
627	999	kleinwagen	1997	manual	75	golf	150000	12	petrol	volkswagen	No
628	21500	suv	2009	automatic	224	glk	90000	8	diesel	mercedes_benz	No
630	800	limousine	1998	manual	109	3er	150000	3	petrol	bmw	not-declared
631	11900	limousine	2007	automatic	179	a4	150000	7	diesel	audi	No
634	1100	kombi	1998	manual	120	laguna	150000	0	not-declared	renault	Yes
635	2100	suv	2009	automatic	156	andere	90000	6	petrol	chrysler	Yes
636	5350	kleinwagen	2003	manual	116	cooper	150000	2	petrol	mini	No
637	6000	limousine	2009	automatic	177	3er	125000	6	diesel	bmw	No
639	2000	kombi	2003	manual	130	ptcruiser	150000	12	diesel	chrysler	not-declared
640	41900	limousine	2012	automatic	457	c_klasse	60000	7	petrol	mercedes_benz	No
641	5990	coupe	2002	automatic	197	clk	150000	5	petrol	mercedes_benz	No
643	4499	limousine	2005	manual	140	a3	150000	11	diesel	audi	No
644	1600	kleinwagen	2002	manual	64	not-declared	150000	2	petrol	volkswagen	No
645	2999	limousine	1999	automatic	105	3er	150000	8	not-declared	bmw	No
646	7800	limousine	2006	automatic	104	golf	150000	12	diesel	volkswagen	No
647	2900	limousine	2002	manual	116	primera	150000	12	lpg	nissan	No
648	1999	limousine	2004	automatic	136	4_reihe	150000	11	diesel	peugeot	No
650	8799	kleinwagen	2014	manual	87	i_reihe	30000	8	petrol	hyundai	not-declared
651	970	limousine	2001	manual	88	andere	150000	1	petrol	kia	not-declared
652	1599	kombi	1999	manual	90	focus	150000	3	diesel	ford	No
653	750	bus	1994	manual	107	espace	150000	5	petrol	renault	No
654	1000	limousine	1991	manual	116	vectra	80000	11	petrol	opel	No
655	10500	suv	2009	manual	140	sportage	40000	10	petrol	kia	No
657	12000	limousine	1969	manual	140	s_klasse	80000	3	petrol	mercedes_benz	No
658	7400	cabrio	2003	automatic	192	not-declared	150000	8	not-declared	bmw	No
659	1698	suv	1997	manual	136	andere	150000	11	petrol	opel	No
662	4500	limousine	2007	manual	90	golf	150000	9	diesel	volkswagen	No
663	1480	kleinwagen	2003	manual	58	twingo	150000	0	petrol	renault	No
664	8450	bus	2008	manual	131	galaxy	150000	5	diesel	ford	No
666	3700	coupe	2003	manual	143	c_klasse	150000	12	petrol	mercedes_benz	No
668	5000	kombi	2008	automatic	136	focus	150000	6	diesel	ford	No
669	21000	coupe	2007	manual	409	3er	150000	4	petrol	bmw	No
670	7500	bus	2006	manual	95	b_klasse	90000	4	petrol	mercedes_benz	No
671	14750	kombi	2009	manual	160	a4	90000	2	petrol	audi	No
672	2200	limousine	1995	automatic	299	not-declared	150000	5	not-declared	audi	Yes
673	10100	not-declared	2009	automatic	143	1er	150000	0	not-declared	bmw	No
674	1750	not-declared	2016	manual	116	galaxy	150000	3	diesel	ford	Yes
675	2250	kombi	2001	automatic	147	vectra	150000	12	petrol	opel	No
676	15500	kombi	2012	manual	120	exeo	40000	12	diesel	seat	No
677	1900	limousine	2000	manual	125	not-declared	150000	5	petrol	mitsubishi	No
679	2300	coupe	1999	manual	170	3er	150000	9	petrol	bmw	No
681	12999	limousine	2002	automatic	306	s_klasse	90000	12	petrol	mercedes_benz	No
682	24800	cabrio	1996	automatic	231	sl	50000	8	petrol	mercedes_benz	No
683	7800	bus	2006	automatic	131	transporter	150000	4	diesel	volkswagen	No
685	6200	kleinwagen	2009	manual	95	2_reihe	100000	4	petrol	peugeot	No
686	5300	kleinwagen	2009	manual	68	2_reihe	100000	9	diesel	peugeot	No
687	1849	kombi	1997	manual	193	a4	150000	1	petrol	audi	not-declared
688	1800	kleinwagen	1999	manual	58	clio	90000	12	petrol	renault	No
689	2100	kleinwagen	2005	manual	64	polo	150000	7	petrol	volkswagen	No
690	9900	suv	2000	automatic	250	not-declared	150000	4	lpg	sonstige_autos	No
691	1700	kombi	1999	manual	193	3er	150000	5	petrol	bmw	No
693	800	limousine	1996	manual	122	c_klasse	150000	5	petrol	mercedes_benz	Yes
694	500	bus	2001	automatic	188	andere	150000	0	petrol	chevrolet	not-declared
695	11850	limousine	2011	manual	95	a_klasse	60000	6	petrol	mercedes_benz	No
696	890	kombi	2007	manual	75	logan	150000	0	petrol	dacia	Yes
698	5900	kombi	2004	manual	150	not-declared	150000	2	diesel	mercedes_benz	No
701	1299	limousine	1999	automatic	102	a_klasse	150000	7	petrol	mercedes_benz	not-declared
702	750	kombi	1998	automatic	193	5er	150000	6	petrol	bmw	No
703	4500	bus	2004	manual	105	touran	150000	4	diesel	volkswagen	No
704	4000	suv	1999	manual	120	andere	150000	2	petrol	nissan	No
705	950	kleinwagen	1999	manual	60	polo	150000	2	petrol	volkswagen	No
707	4200	kleinwagen	2003	manual	90	one	150000	0	petrol	mini	not-declared
708	5950	limousine	2003	manual	131	ibiza	100000	3	diesel	seat	No
709	2650	limousine	2006	manual	105	golf	150000	6	diesel	volkswagen	No
710	9500	kombi	2005	manual	265	a4	150000	2	diesel	audi	No
711	9250	kleinwagen	2012	manual	75	one	40000	11	petrol	mini	No
712	850	kombi	1996	manual	116	passat	150000	10	petrol	volkswagen	No
713	2990	limousine	2002	automatic	116	e_klasse	30000	2	diesel	mercedes_benz	No
714	16000	limousine	2010	manual	170	c_klasse	90000	11	diesel	mercedes_benz	No
715	499	kleinwagen	1992	manual	54	golf	125000	4	petrol	volkswagen	Yes
716	2500	limousine	1999	manual	170	5er	150000	9	petrol	bmw	No
717	3499	limousine	2004	manual	75	golf	150000	11	petrol	volkswagen	No
718	5500	kleinwagen	2007	manual	75	not-declared	100000	10	petrol	renault	not-declared
720	1699	limousine	2003	automatic	102	a_klasse	150000	6	petrol	mercedes_benz	No
721	2400	kleinwagen	2006	manual	75	clio	150000	1	petrol	renault	No
722	2999	limousine	2000	automatic	122	c_klasse	150000	10	petrol	mercedes_benz	No
723	13800	limousine	2005	automatic	333	5er	150000	8	petrol	bmw	No
725	6200	kleinwagen	2009	not-declared	68	andere	30000	0	not-declared	toyota	No
726	3450	kleinwagen	2007	manual	88	fiesta	100000	3	petrol	ford	No
727	3500	not-declared	2005	not-declared	125	zafira	30000	0	diesel	opel	not-declared
728	7500	coupe	2013	automatic	71	fortwo	40000	2	petrol	smart	No
729	6999	limousine	2010	automatic	186	not-declared	125000	4	petrol	sonstige_autos	No
730	11000	kombi	2012	manual	105	octavia	80000	3	diesel	skoda	No
731	2100	kleinwagen	2004	manual	65	micra	150000	1	petrol	nissan	No
732	3999	kombi	2002	manual	131	passat	150000	3	diesel	volkswagen	No
733	13900	cabrio	2008	manual	150	eos	80000	4	petrol	volkswagen	No
734	550	coupe	1995	manual	105	3er	150000	11	petrol	bmw	No
738	3200	kleinwagen	2000	manual	75	golf	125000	4	petrol	volkswagen	No
739	11500	limousine	2006	automatic	129	1er	90000	3	petrol	bmw	not-declared
740	11540	coupe	2010	manual	122	scirocco	80000	6	petrol	volkswagen	No
741	13199	cabrio	2012	manual	120	2_reihe	30000	5	petrol	peugeot	No
742	12790	cabrio	2001	automatic	163	clk	40000	6	petrol	mercedes_benz	No
743	600	limousine	1995	manual	122	c_klasse	150000	0	petrol	mercedes_benz	No
744	2500	kombi	2001	manual	125	mondeo	150000	4	petrol	ford	No
745	13750	kombi	2015	manual	86	golf	20000	4	petrol	volkswagen	No
746	8200	kleinwagen	2013	manual	75	corsa	80000	3	diesel	opel	No
747	3000	bus	2004	manual	110	c_max	150000	10	diesel	ford	No
749	21999	limousine	2013	automatic	170	c_klasse	100000	2	diesel	mercedes_benz	No
750	24999	kombi	2011	automatic	239	a6	80000	2	diesel	audi	No
752	2350	kombi	1999	manual	150	a4	150000	12	petrol	audi	No
754	28300	bus	2012	manual	114	transporter	40000	8	diesel	volkswagen	No
755	14900	kombi	2012	manual	105	golf	50000	2	diesel	volkswagen	No
756	12800	limousine	2010	manual	140	a3	80000	1	diesel	audi	No
757	1800	kleinwagen	2004	manual	63	getz	125000	11	petrol	hyundai	No
759	20200	kombi	2013	automatic	200	mondeo	70000	0	diesel	ford	not-declared
760	3100	limousine	2004	manual	101	polo	150000	8	not-declared	volkswagen	No
761	5500	limousine	2003	automatic	163	a4	150000	11	petrol	audi	No
762	5000	limousine	2006	manual	185	159	125000	12	not-declared	alfa_romeo	No
764	480	kleinwagen	2001	manual	75	andere	150000	12	petrol	mazda	not-declared
765	1800	limousine	1994	manual	102	3er	150000	10	petrol	bmw	No
766	350	limousine	1999	manual	120	andere	125000	7	not-declared	hyundai	not-declared
767	10490	kleinwagen	2013	manual	80	fiesta	30000	3	petrol	ford	No
769	3800	bus	2000	manual	122	vito	150000	5	diesel	mercedes_benz	Yes
770	1290	bus	2001	manual	101	transit	5000	6	diesel	ford	not-declared
771	1200	limousine	1998	manual	101	golf	150000	7	petrol	volkswagen	No
772	10999	kleinwagen	2011	manual	117	juke	60000	3	petrol	nissan	No
773	13900	kleinwagen	2013	manual	86	a1	30000	9	petrol	audi	No
774	2000	limousine	1997	manual	193	a4	150000	2	lpg	audi	No
775	5600	coupe	2000	manual	224	tt	150000	12	petrol	audi	No
776	18000	cabrio	2012	manual	122	golf	20000	6	petrol	volkswagen	No
777	5300	bus	2007	manual	95	b_klasse	150000	3	petrol	mercedes_benz	No
778	13500	limousine	2007	automatic	218	x_reihe	150000	12	diesel	bmw	No
779	2850	limousine	2000	manual	105	3er	150000	7	petrol	bmw	No
781	3850	cabrio	2001	manual	141	andere	150000	6	petrol	chrysler	No
782	800	kombi	1998	manual	100	vectra	150000	8	petrol	opel	not-declared
783	6490	limousine	2008	manual	120	3_reihe	70000	2	petrol	peugeot	No
784	4550	limousine	2003	manual	105	golf	150000	12	diesel	volkswagen	No
785	9000	not-declared	2016	manual	122	1er	80000	12	petrol	bmw	No
786	2250	kleinwagen	2004	manual	75	ibiza	150000	7	petrol	seat	No
787	350	kleinwagen	1997	manual	65	ka	150000	11	petrol	ford	not-declared
789	7490	kleinwagen	2009	manual	105	fabia	70000	10	diesel	skoda	No
790	3250	bus	2003	automatic	178	espace	150000	2	diesel	renault	No
791	2500	kombi	2000	automatic	90	passat	150000	3	diesel	volkswagen	No
792	699	limousine	1997	manual	116	vectra	150000	7	petrol	opel	No
793	450	not-declared	2005	manual	58	twingo	125000	0	petrol	renault	not-declared
794	47999	cabrio	2014	automatic	313	andere	60000	8	diesel	bmw	No
795	13500	bus	2010	manual	140	touran	70000	1	not-declared	volkswagen	not-declared
796	9500	bus	2005	manual	109	transporter	150000	6	diesel	volkswagen	No
797	1200	not-declared	2016	manual	115	not-declared	20000	0	petrol	nissan	No
798	12990	limousine	2007	automatic	190	a4	150000	12	diesel	audi	No
800	2750	suv	2003	manual	150	andere	150000	9	diesel	hyundai	No
801	15900	bus	2011	automatic	140	galaxy	125000	4	diesel	ford	No
802	13499	limousine	2010	manual	156	c_klasse	100000	10	petrol	mercedes_benz	No
803	1300	kombi	2001	manual	75	golf	125000	4	petrol	volkswagen	No
804	7990	kombi	2005	manual	200	a3	150000	8	petrol	audi	No
806	999	limousine	1995	manual	192	not-declared	150000	5	petrol	mercedes_benz	not-declared
807	950	coupe	1998	manual	75	astra	150000	7	petrol	opel	not-declared
808	4699	limousine	2006	manual	109	c4	100000	3	petrol	citroen	No
809	3500	kombi	2006	automatic	170	e_klasse	150000	9	diesel	mercedes_benz	No
810	3500	not-declared	2016	manual	64	polo	100000	9	petrol	volkswagen	No
811	5997	bus	2007	manual	102	golf	150000	8	petrol	volkswagen	No
812	2200	bus	2003	manual	113	scenic	150000	0	petrol	renault	No
813	999	limousine	1999	manual	75	golf	150000	4	petrol	volkswagen	Yes
814	1200	kombi	1997	manual	170	5er	150000	11	petrol	bmw	Yes
815	180	coupe	1997	manual	55	corsa	125000	4	petrol	opel	No
816	999	kombi	1999	manual	115	v40	150000	4	petrol	volvo	No
817	1200	kleinwagen	2000	manual	75	polo	150000	2	petrol	volkswagen	No
818	5500	bus	2006	manual	102	touran	150000	7	lpg	volkswagen	No
819	5250	cabrio	1996	automatic	193	3er	150000	4	petrol	bmw	No
820	9000	limousine	2008	manual	140	a3	150000	5	diesel	audi	No
821	4600	kleinwagen	2009	manual	75	clio	80000	10	petrol	renault	No
822	2500	kombi	1999	automatic	150	a6	150000	7	diesel	audi	No
823	200	kleinwagen	2005	automatic	58	twingo	150000	1	petrol	renault	Yes
825	2799	cabrio	1999	automatic	116	golf	150000	8	petrol	volkswagen	No
826	9600	kombi	2008	manual	177	5er	150000	7	diesel	bmw	No
827	1600	andere	2001	manual	101	zafira	150000	8	petrol	opel	No
828	5999	kleinwagen	2012	manual	69	punto	50000	3	petrol	fiat	No
830	2500	kleinwagen	2000	manual	150	golf	150000	3	petrol	volkswagen	not-declared
831	7600	coupe	2006	manual	122	c_klasse	125000	6	petrol	mercedes_benz	No
832	7499	cabrio	2001	manual	170	3er	150000	8	petrol	bmw	No
833	1100	limousine	1996	manual	75	golf	125000	11	petrol	volkswagen	No
834	890	limousine	1997	manual	136	andere	100000	3	petrol	renault	No
835	1099	limousine	1995	manual	75	golf	125000	8	petrol	volkswagen	No
836	3999	kombi	2006	manual	131	megane	150000	2	diesel	renault	No
839	2799	kleinwagen	2001	manual	75	polo	90000	12	petrol	volkswagen	No
840	1200	limousine	2000	manual	95	carisma	150000	5	petrol	mitsubishi	not-declared
841	3299	limousine	1989	automatic	132	e_klasse	150000	6	petrol	mercedes_benz	No
843	3999	kombi	1999	automatic	193	3er	150000	12	petrol	bmw	No
844	34900	limousine	1968	manual	220	escort	5000	11	petrol	ford	No
845	650	limousine	1997	manual	60	golf	150000	9	petrol	volkswagen	No
846	8800	kombi	2011	manual	165	zafira	30000	12	diesel	opel	No
847	2000	limousine	1998	automatic	204	e_klasse	150000	2	petrol	mercedes_benz	No
848	12800	kombi	1999	manual	265	andere	100000	3	petrol	audi	No
849	398	kombi	1996	manual	116	omega	150000	6	petrol	opel	not-declared
850	2700	limousine	2001	manual	170	3er	150000	3	petrol	bmw	No
851	6999	coupe	2001	manual	265	astra	150000	4	petrol	opel	No
853	2190	limousine	2003	manual	155	accord	150000	12	petrol	honda	Yes
854	7450	cabrio	2003	automatic	170	a4	150000	3	petrol	audi	No
855	1850	kleinwagen	2002	manual	75	corsa	100000	5	diesel	opel	No
856	9450	limousine	2005	manual	163	a4	125000	3	petrol	audi	No
857	2999	kombi	2007	manual	109	focus	150000	8	diesel	ford	No
859	4800	kleinwagen	2007	manual	80	polo	100000	6	petrol	volkswagen	No
860	1670	limousine	1999	manual	75	golf	150000	8	petrol	volkswagen	No
861	1800	kombi	2003	manual	110	corolla	150000	6	petrol	toyota	Yes
862	5299	kleinwagen	2005	manual	90	one	150000	5	petrol	mini	No
864	3750	limousine	1991	automatic	234	andere	150000	1	petrol	jaguar	No
866	4200	limousine	2000	manual	163	c_klasse	100000	6	petrol	mercedes_benz	No
867	2549	andere	1998	manual	150	golf	150000	7	petrol	volkswagen	not-declared
868	8380	kombi	2008	manual	150	octavia	150000	7	petrol	skoda	No
869	8000	suv	2007	manual	129	grand	150000	3	diesel	suzuki	No
870	2599	limousine	1998	manual	170	e_klasse	150000	3	petrol	mercedes_benz	No
871	600	not-declared	2000	manual	86	lanos	125000	0	petrol	daewoo	No
872	2650	kombi	2000	manual	110	octavia	150000	1	diesel	skoda	No
873	6800	limousine	2006	automatic	224	phaeton	150000	10	diesel	volkswagen	No
874	2410	kleinwagen	2004	manual	69	fiesta	150000	3	petrol	ford	No
875	14900	kombi	2009	automatic	170	c_klasse	150000	2	diesel	mercedes_benz	No
876	2100	kombi	2002	manual	122	vito	150000	4	diesel	mercedes_benz	No
877	300	kleinwagen	1996	manual	55	micra	150000	2	not-declared	nissan	not-declared
878	3500	cabrio	2005	manual	109	2_reihe	150000	5	petrol	peugeot	No
879	2250	kombi	2001	manual	158	4_reihe	150000	1	petrol	peugeot	No
881	10200	limousine	2006	manual	150	x_reihe	150000	4	diesel	bmw	No
882	2800	kleinwagen	2007	automatic	80	corsa	125000	7	petrol	opel	Yes
883	1500	limousine	2001	manual	90	civic	150000	6	petrol	honda	No
884	330	kleinwagen	1999	manual	60	polo	125000	6	petrol	volkswagen	Yes
885	550	limousine	1993	manual	122	c_klasse	150000	10	petrol	mercedes_benz	not-declared
886	1320	kombi	2002	manual	116	focus	150000	4	diesel	ford	No
887	7500	limousine	2008	automatic	143	1er	150000	10	diesel	bmw	No
888	7000	limousine	2004	automatic	150	golf	100000	6	petrol	volkswagen	No
889	899	limousine	2000	manual	60	ibiza	150000	7	petrol	seat	No
891	16500	bus	2012	automatic	179	transporter	150000	5	diesel	volkswagen	No
892	11200	kleinwagen	2014	manual	105	andere	30000	0	petrol	skoda	No
893	43900	cabrio	2014	automatic	265	boxster	10000	2	petrol	porsche	No
894	1000	coupe	1998	manual	102	3er	150000	0	petrol	bmw	not-declared
895	21500	coupe	2009	automatic	239	a5	150000	12	diesel	audi	No
896	250	limousine	1995	manual	75	cordoba	150000	8	petrol	seat	No
898	11500	limousine	2008	automatic	197	5er	150000	7	diesel	bmw	No
899	1499	kleinwagen	1999	automatic	90	clio	150000	6	petrol	renault	No
900	380	not-declared	2016	manual	54	not-declared	100000	0	petrol	skoda	Yes
901	14990	kombi	2013	manual	140	passat	90000	10	diesel	volkswagen	No
902	500	kombi	1999	manual	104	megane	150000	7	petrol	renault	No
903	5900	kombi	2004	automatic	218	5er	150000	10	diesel	bmw	No
904	5499	not-declared	2016	manual	150	3er	125000	4	not-declared	bmw	No
905	200	limousine	1995	manual	102	3er	150000	8	petrol	bmw	not-declared
906	2000	kleinwagen	2002	manual	68	fiesta	150000	12	diesel	ford	No
907	300	not-declared	2016	manual	140	not-declared	150000	0	petrol	bmw	not-declared
909	20500	limousine	2006	automatic	272	s_klasse	150000	1	petrol	mercedes_benz	No
910	12999	bus	2011	manual	105	golf	70000	10	diesel	volkswagen	No
911	7000	kombi	2007	manual	140	octavia	150000	9	diesel	skoda	No
912	5300	bus	2008	manual	177	verso	150000	1	diesel	toyota	No
915	7900	suv	2005	manual	150	rav	80000	3	petrol	toyota	No
916	2998	coupe	2000	manual	170	andere	150000	12	petrol	ford	No
917	800	limousine	1996	not-declared	150	c_klasse	150000	8	petrol	mercedes_benz	No
918	350	kleinwagen	1997	manual	81	3_reihe	150000	8	petrol	peugeot	Yes
920	4499	limousine	2004	automatic	122	e_klasse	150000	12	diesel	mercedes_benz	No
921	3900	cabrio	1998	manual	150	3er	150000	3	petrol	bmw	not-declared
922	25950	suv	2014	manual	163	kuga	30000	7	diesel	ford	No
923	5900	bus	1997	manual	102	transporter	150000	6	diesel	volkswagen	Yes
924	12900	kombi	2010	manual	102	caddy	70000	12	diesel	volkswagen	No
925	1199	kleinwagen	2000	manual	60	fiesta	125000	0	petrol	ford	No
926	14800	limousine	2012	manual	117	qashqai	70000	8	petrol	nissan	No
928	2499	kleinwagen	2006	manual	95	colt	150000	1	diesel	mitsubishi	No
929	1800	coupe	2001	manual	116	astra	125000	3	petrol	opel	No
931	2800	kleinwagen	2004	manual	69	fiesta	100000	5	petrol	ford	No
932	4200	kombi	2007	manual	105	golf	150000	11	diesel	volkswagen	No
933	5500	limousine	2006	manual	150	159	150000	11	diesel	alfa_romeo	No
934	850	kombi	2004	manual	130	mondeo	150000	12	diesel	ford	No
935	4100	kombi	2004	automatic	131	passat	150000	3	diesel	volkswagen	not-declared
936	5900	kleinwagen	2009	manual	92	swift	90000	6	petrol	suzuki	No
937	1600	kleinwagen	2001	manual	51	2_reihe	150000	0	diesel	peugeot	not-declared
938	9600	andere	2013	manual	122	andere	125000	1	diesel	peugeot	No
939	2799	limousine	2003	manual	135	scenic	5000	12	petrol	renault	No
940	7100	coupe	2008	manual	177	1er	150000	5	diesel	bmw	No
942	4500	limousine	2007	manual	163	3er	150000	7	diesel	bmw	not-declared
944	6800	bus	2011	manual	120	andere	150000	1	diesel	citroen	No
945	1450	not-declared	2016	manual	75	not-declared	150000	10	petrol	volkswagen	No
946	2300	kleinwagen	2006	manual	65	picanto	50000	12	petrol	kia	No
947	250	kleinwagen	1998	manual	60	not-declared	100000	0	not-declared	ford	not-declared
948	2500	kombi	2001	automatic	150	andere	150000	11	petrol	rover	Yes
949	1099	kleinwagen	2001	manual	80	punto	150000	4	diesel	fiat	not-declared
950	3999	kleinwagen	2009	manual	65	micra	40000	7	petrol	nissan	No
951	3500	limousine	1997	automatic	204	e_klasse	150000	10	petrol	mercedes_benz	No
952	44900	bus	2015	manual	140	transporter	10000	5	diesel	volkswagen	No
954	2600	bus	2005	manual	125	zafira	150000	5	petrol	opel	No
955	1950	bus	2002	manual	116	sharan	150000	10	diesel	volkswagen	No
956	10450	cabrio	2001	manual	220	boxster	150000	3	petrol	porsche	No
957	3100	andere	2001	manual	90	not-declared	70000	7	diesel	kia	No
958	14000	cabrio	2003	manual	71	andere	5000	8	petrol	smart	No
960	17000	limousine	2005	manual	231	5er	150000	10	diesel	bmw	No
961	11599	kombi	2010	manual	143	3er	150000	4	diesel	bmw	No
963	1690	kleinwagen	2002	manual	75	clio	125000	9	petrol	renault	No
964	30600	cabrio	2010	automatic	231	e_klasse	80000	5	diesel	mercedes_benz	No
965	1500	kombi	1999	manual	131	focus	150000	3	petrol	ford	No
967	5990	limousine	2007	automatic	95	a_klasse	150000	9	petrol	mercedes_benz	No
968	1300	kombi	1996	manual	75	golf	150000	12	not-declared	volkswagen	No
969	1000	bus	2000	manual	107	scenic	125000	6	petrol	renault	No
970	11900	limousine	2008	manual	170	c_klasse	125000	9	diesel	mercedes_benz	No
971	1400	limousine	2000	manual	105	3er	150000	3	petrol	bmw	No
973	2000	not-declared	2016	manual	59	polo	100000	0	petrol	volkswagen	Yes
975	4700	cabrio	1996	manual	117	z_reihe	150000	8	petrol	bmw	No
977	1100	bus	1999	manual	107	scenic	150000	5	petrol	renault	No
978	6990	limousine	2005	automatic	230	vectra	100000	12	petrol	opel	No
980	1400	kleinwagen	2002	manual	75	corsa	150000	8	petrol	opel	No
981	16700	kombi	2013	not-declared	140	superb	60000	6	diesel	skoda	No
982	2000	kleinwagen	1999	manual	90	civic	150000	0	not-declared	honda	No
983	3300	kombi	2004	manual	103	stilo	150000	9	petrol	fiat	No
984	1400	kombi	1999	manual	90	berlingo	150000	8	petrol	citroen	No
986	14000	kombi	2013	manual	99	i_reihe	30000	5	petrol	hyundai	not-declared
987	3800	kombi	2003	manual	129	avensis	150000	6	petrol	toyota	No
988	790	kleinwagen	1996	manual	102	3er	150000	5	petrol	bmw	No
989	1450	bus	2000	manual	82	vito	150000	6	diesel	mercedes_benz	No
990	5500	bus	2005	manual	150	zafira	150000	10	diesel	opel	No
993	3650	bus	2003	manual	116	alhambra	150000	12	diesel	seat	No
995	1999	cabrio	1996	manual	131	andere	125000	4	petrol	fiat	No
996	139997	coupe	2010	manual	435	911	20000	3	petrol	porsche	No
997	3999	cabrio	2007	automatic	84	fortwo	150000	9	petrol	smart	No
999	1500	coupe	2001	manual	120	civic	150000	3	petrol	honda	No
1000	5600	kombi	2007	manual	143	a3	150000	10	diesel	audi	Yes
1001	6500	bus	1995	manual	68	transporter	150000	3	not-declared	volkswagen	No
1002	9500	kombi	2008	automatic	136	c4	125000	5	diesel	citroen	No
1003	1799	kleinwagen	2003	manual	82	clio	150000	5	not-declared	renault	Yes
1004	26500	coupe	2010	automatic	306	1er	40000	1	petrol	bmw	No
1005	710	kleinwagen	1995	manual	54	twingo	150000	11	petrol	renault	No
1006	7890	limousine	2005	manual	200	a4	150000	4	petrol	audi	No
1007	250	not-declared	2000	not-declared	60	fiesta	60000	0	not-declared	ford	not-declared
1008	100	kombi	1995	manual	116	passat	150000	9	petrol	volkswagen	Yes
1009	1000	kombi	2000	automatic	170	e_klasse	150000	11	petrol	mercedes_benz	not-declared
1012	14500	cabrio	2007	manual	163	slk	60000	2	petrol	mercedes_benz	No
1014	13990	kombi	2007	manual	209	a6	100000	4	petrol	audi	No
1015	46950	suv	2013	automatic	250	grand	30000	10	diesel	jeep	No
1016	9490	limousine	2007	manual	136	a_klasse	20000	6	petrol	mercedes_benz	No
1017	6700	limousine	2006	automatic	163	3er	150000	5	diesel	bmw	No
1018	2990	limousine	2001	manual	101	passat	150000	11	diesel	volkswagen	No
1019	4500	limousine	2001	automatic	170	c_klasse	125000	7	petrol	mercedes_benz	No
1020	12000	limousine	2007	automatic	177	3er	125000	12	diesel	bmw	No
1021	16999	kleinwagen	2015	manual	102	one	10000	8	petrol	mini	No
1023	10100	suv	2008	automatic	239	touareg	100000	12	diesel	volkswagen	No
1025	13200	kombi	2010	manual	143	a4	150000	12	diesel	audi	not-declared
1026	2900	limousine	1971	automatic	90	andere	90000	6	petrol	opel	No
1027	1250	kombi	2001	manual	129	avensis	150000	9	petrol	toyota	not-declared
1028	200	kleinwagen	1997	manual	60	ka	150000	1	petrol	ford	No
1029	1990	kleinwagen	1996	manual	125	a3	150000	3	petrol	audi	No
1030	500	limousine	2010	manual	101	not-declared	70000	1	petrol	sonstige_autos	Yes
1032	13500	bus	2010	manual	193	b_klasse	60000	5	petrol	mercedes_benz	No
1034	8999	kombi	2009	automatic	105	octavia	150000	5	diesel	skoda	No
1035	14000	limousine	2010	manual	131	3er	150000	1	diesel	bmw	No
1036	1385	kombi	1997	manual	110	a4	150000	1	diesel	audi	No
1038	14430	kombi	2011	manual	146	c_klasse	150000	2	diesel	mercedes_benz	No
1039	650	kleinwagen	1996	manual	60	polo	150000	5	petrol	volkswagen	not-declared
1040	1000	kleinwagen	1999	manual	101	golf	150000	9	petrol	volkswagen	No
1041	3000	limousine	1997	manual	150	5er	150000	9	petrol	bmw	Yes
1042	3800	kombi	2005	automatic	150	vectra	150000	0	diesel	opel	No
1043	14900	kombi	2013	manual	105	octavia	40000	9	diesel	skoda	No
1045	3200	suv	1995	automatic	211	grand	150000	4	petrol	jeep	No
1048	5699	cabrio	1987	manual	90	golf	150000	8	petrol	volkswagen	No
1049	4950	kombi	1997	manual	150	5er	150000	7	petrol	bmw	No
1050	700	limousine	1996	manual	125	a4	150000	4	petrol	audi	No
1051	4590	limousine	2002	manual	150	golf	150000	12	petrol	volkswagen	No
1052	6900	cabrio	1999	manual	193	slk	150000	6	petrol	mercedes_benz	No
1053	4000	limousine	2007	automatic	116	a_klasse	150000	3	petrol	mercedes_benz	No
1054	10900	kleinwagen	2010	automatic	179	ibiza	80000	11	petrol	seat	No
1055	600	limousine	1996	manual	75	golf	150000	5	petrol	volkswagen	No
1056	300	limousine	1991	not-declared	75	golf	150000	7	petrol	volkswagen	not-declared
1057	1250	kleinwagen	2002	manual	67	fiesta	150000	8	diesel	ford	No
1058	750	kombi	2000	manual	60	polo	150000	10	petrol	volkswagen	Yes
1059	5800	cabrio	2005	manual	106	2_reihe	70000	10	petrol	peugeot	No
1060	750	kleinwagen	1990	manual	90	not-declared	150000	4	petrol	ford	Yes
1061	6000	coupe	2002	manual	170	clk	150000	4	petrol	mercedes_benz	No
1063	5990	kleinwagen	2009	manual	69	fabia	20000	3	petrol	skoda	No
1064	800	coupe	1999	manual	105	3er	150000	12	petrol	bmw	No
1065	4250	kombi	2005	manual	150	andere	150000	8	petrol	saab	No
1066	7000	not-declared	2016	manual	90	i_reihe	90000	4	not-declared	hyundai	No
1067	8500	not-declared	2016	manual	177	1er	150000	7	not-declared	bmw	No
1068	6500	andere	1973	not-declared	54	andere	50000	0	not-declared	volkswagen	No
1069	2850	limousine	2002	manual	180	c_klasse	150000	0	petrol	mercedes_benz	No
1071	9200	not-declared	2016	manual	75	golf	40000	8	petrol	volkswagen	No
1072	2800	kleinwagen	2006	manual	60	corsa	150000	11	petrol	opel	No
1073	1200	limousine	1996	manual	90	golf	150000	0	petrol	volkswagen	not-declared
1074	4750	cabrio	1991	manual	113	3er	150000	9	petrol	bmw	No
1075	28250	limousine	2013	manual	320	m_reihe	40000	2	petrol	bmw	No
1076	7400	kombi	2005	automatic	163	c_klasse	150000	10	petrol	mercedes_benz	No
1082	4250	kleinwagen	2006	manual	80	polo	125000	11	petrol	volkswagen	No
1083	4000	cabrio	2003	automatic	82	roadster	125000	8	petrol	smart	No
1084	4200	coupe	2006	manual	166	andere	150000	5	not-declared	alfa_romeo	not-declared
1085	12800	kleinwagen	2014	manual	101	fiesta	40000	11	petrol	ford	No
1086	18500	kombi	2013	manual	150	octavia	50000	11	diesel	skoda	No
1087	1600	limousine	1996	manual	101	a4	150000	2	not-declared	audi	not-declared
1088	300	kleinwagen	2000	manual	85	ypsilon	150000	12	petrol	lancia	No
1089	3280	limousine	2004	automatic	95	a_klasse	150000	2	diesel	mercedes_benz	No
1090	12950	kombi	2011	automatic	160	golf	125000	4	petrol	volkswagen	No
1091	2500	not-declared	2005	manual	80	astra	150000	2	diesel	opel	not-declared
1092	1450	kleinwagen	2002	manual	64	polo	80000	8	petrol	volkswagen	Yes
1094	3200	kleinwagen	2007	manual	75	2_reihe	125000	8	petrol	peugeot	No
1095	1200	bus	2000	manual	107	scenic	150000	8	petrol	renault	No
1096	4800	coupe	2001	manual	163	andere	100000	5	petrol	mercedes_benz	No
1097	11890	bus	2011	manual	116	c_max	150000	4	diesel	ford	not-declared
1098	2800	limousine	2002	manual	122	vectra	150000	2	petrol	opel	not-declared
1100	21800	coupe	2012	manual	160	tt	50000	10	petrol	audi	No
1101	1450	kombi	2000	manual	90	focus	150000	3	diesel	ford	No
1103	2200	limousine	1997	manual	125	passat	150000	3	petrol	volkswagen	No
1104	11000	cabrio	2002	manual	231	3er	150000	4	petrol	bmw	No
1105	2800	kleinwagen	2004	manual	75	golf	150000	10	petrol	volkswagen	Yes
1108	4200	suv	2003	automatic	276	andere	150000	10	lpg	chevrolet	Yes
1109	550	kombi	1998	manual	136	galant	150000	2	petrol	mitsubishi	No
1110	5000	kleinwagen	2007	not-declared	90	corsa	80000	5	petrol	opel	No
1112	1250	kleinwagen	2003	manual	52	matiz	125000	9	petrol	daewoo	No
1114	400	kleinwagen	2002	manual	86	justy	150000	12	petrol	subaru	not-declared
1116	15900	kombi	2008	automatic	235	5er	150000	5	diesel	bmw	No
1117	5400	not-declared	2016	automatic	140	leon	150000	12	diesel	seat	No
1118	4499	limousine	2009	manual	109	i_reihe	125000	4	petrol	hyundai	No
1119	17000	cabrio	2008	automatic	344	andere	125000	4	petrol	audi	No
1120	7350	cabrio	2003	manual	102	beetle	70000	12	petrol	volkswagen	No
1121	15900	kombi	2010	manual	177	5er	100000	5	diesel	bmw	No
1122	23000	limousine	2008	manual	349	impreza	40000	2	petrol	subaru	No
1123	5750	limousine	2007	automatic	100	andere	150000	9	hybrid	toyota	No
1126	1500	kleinwagen	2002	manual	58	corsa	125000	5	petrol	opel	No
1127	9300	bus	2011	manual	120	c4	80000	7	petrol	citroen	No
1128	29700	bus	2010	automatic	179	transporter	150000	11	diesel	volkswagen	No
1129	4300	coupe	1990	manual	170	90	150000	4	petrol	audi	not-declared
1130	3700	kombi	2009	manual	69	fabia	150000	1	petrol	skoda	No
1131	2699	cabrio	2005	manual	110	2_reihe	150000	5	petrol	peugeot	No
1134	3200	kleinwagen	2005	manual	75	polo	150000	10	petrol	volkswagen	No
1135	200	not-declared	2016	manual	75	vectra	150000	0	not-declared	opel	Yes
1136	2800	kleinwagen	2002	manual	102	a_klasse	150000	0	not-declared	mercedes_benz	not-declared
1137	31500	limousine	2011	automatic	299	5er	90000	9	diesel	bmw	No
1138	599	kombi	1998	manual	110	octavia	150000	10	diesel	skoda	Yes
1139	5500	kleinwagen	2008	manual	80	polo	125000	11	petrol	volkswagen	No
1140	6990	kombi	1983	manual	72	e_klasse	150000	6	diesel	mercedes_benz	No
1141	4900	cabrio	2006	manual	109	2_reihe	50000	2	petrol	peugeot	No
1142	400	limousine	2000	manual	102	sirion	150000	8	petrol	daihatsu	Yes
1143	4500	andere	2012	manual	90	combo	150000	1	diesel	opel	Yes
1145	1799	kombi	1999	manual	75	astra	150000	10	petrol	opel	No
1147	800	limousine	1999	manual	75	colt	150000	9	petrol	mitsubishi	No
1148	11500	bus	1985	automatic	160	not-declared	125000	10	petrol	sonstige_autos	not-declared
1149	3999	limousine	2005	manual	95	a_klasse	150000	5	diesel	mercedes_benz	No
1150	9100	kombi	2004	automatic	150	a3	150000	12	petrol	audi	No
1151	2000	limousine	1994	manual	218	7er	150000	1	petrol	bmw	No
1152	1400	limousine	2002	manual	75	andere	150000	4	petrol	opel	not-declared
1153	5900	kombi	2006	automatic	150	signum	125000	7	diesel	opel	No
1154	849	cabrio	1995	manual	75	golf	150000	0	petrol	volkswagen	not-declared
1155	2300	kleinwagen	2002	manual	75	a2	150000	4	petrol	audi	No
1156	9200	limousine	2005	automatic	249	not-declared	150000	10	petrol	sonstige_autos	No
1157	1700	kleinwagen	2000	manual	75	golf	150000	9	not-declared	volkswagen	not-declared
1158	11500	coupe	2001	manual	179	golf	100000	8	petrol	volkswagen	No
1159	1700	limousine	1999	manual	116	octavia	150000	8	petrol	skoda	No
1160	12990	cabrio	2007	manual	218	crossfire	70000	12	petrol	chrysler	No
1161	5799	kleinwagen	2009	manual	75	polo	150000	9	diesel	volkswagen	No
1162	4000	kombi	2003	manual	150	3er	150000	6	diesel	bmw	No
1163	500	kleinwagen	2002	manual	60	ka	150000	7	petrol	ford	No
1165	1850	kleinwagen	2004	manual	65	fiesta	150000	5	diesel	ford	No
1168	950	kleinwagen	1999	manual	60	polo	150000	3	petrol	volkswagen	No
1169	4600	kombi	2005	manual	140	passat	150000	12	diesel	volkswagen	not-declared
1170	6900	limousine	1988	manual	105	e_klasse	150000	6	petrol	mercedes_benz	No
1171	3950	cabrio	2005	manual	73	c3	70000	1	petrol	citroen	No
1173	12900	limousine	1997	manual	237	3er	150000	4	petrol	bmw	No
1175	1799	limousine	1998	manual	101	vectra	150000	12	petrol	opel	No
1176	8500	kleinwagen	2012	manual	105	fabia	80000	7	petrol	skoda	No
1177	1399	kombi	1999	automatic	90	passat	150000	9	diesel	volkswagen	No
1179	1000	kombi	2005	manual	109	3_reihe	150000	6	diesel	peugeot	Yes
1180	5500	cabrio	2009	automatic	71	fortwo	80000	5	petrol	smart	No
1181	5400	kleinwagen	2011	manual	68	andere	30000	3	petrol	suzuki	No
1182	7350	coupe	2003	automatic	170	clk	150000	1	diesel	mercedes_benz	No
1184	15990	limousine	1988	automatic	224	s_klasse	100000	3	petrol	mercedes_benz	not-declared
1186	7999	limousine	2004	manual	200	3er	150000	9	diesel	bmw	No
1188	5699	kombi	2004	automatic	250	a6	150000	6	petrol	audi	not-declared
1189	800	kleinwagen	2002	manual	60	lupo	150000	11	diesel	volkswagen	not-declared
1191	24400	coupe	2006	manual	295	andere	150000	2	petrol	porsche	No
1193	2590	limousine	2004	manual	116	a_klasse	150000	11	petrol	mercedes_benz	No
1195	5400	coupe	1992	automatic	179	andere	150000	3	petrol	mercedes_benz	No
1196	3800	not-declared	2005	manual	90	astra	150000	0	petrol	opel	not-declared
1197	6600	limousine	2007	automatic	109	a_klasse	125000	2	diesel	mercedes_benz	No
1198	1000	kleinwagen	2003	manual	58	agila	150000	9	petrol	opel	No
1199	3000	not-declared	2016	manual	140	touran	150000	12	not-declared	volkswagen	not-declared
1200	2400	kleinwagen	1999	automatic	101	golf	150000	6	petrol	volkswagen	No
1201	9999	suv	2014	manual	105	duster	30000	7	petrol	dacia	No
1202	1700	limousine	2004	manual	115	focus	150000	6	diesel	ford	not-declared
1203	5100	bus	2010	manual	120	andere	150000	10	diesel	citroen	No
1204	15000	kombi	2012	automatic	245	a6	70000	5	diesel	audi	No
1205	5400	cabrio	2006	manual	140	3_reihe	150000	3	petrol	peugeot	No
1206	1650	kombi	1997	manual	116	3er	150000	1	petrol	bmw	No
1207	700	kombi	2003	manual	103	stilo	150000	1	petrol	fiat	No
1208	1995	bus	2003	manual	101	zafira	150000	7	petrol	opel	No
1209	750	limousine	1997	manual	136	vectra	150000	4	petrol	opel	No
1210	3200	cabrio	2006	manual	95	ka	90000	3	petrol	ford	No
1211	120	not-declared	2016	manual	60	punto	150000	0	petrol	fiat	not-declared
1212	1800	limousine	1995	manual	101	a4	150000	3	petrol	audi	No
1213	7450	cabrio	2003	manual	143	3er	150000	4	petrol	bmw	No
1215	16400	limousine	2007	manual	150	x_reihe	125000	3	diesel	bmw	No
1216	17700	limousine	2011	automatic	170	e_klasse	150000	6	diesel	mercedes_benz	No
1217	2400	limousine	2001	automatic	129	c_klasse	150000	1	petrol	mercedes_benz	No
1218	490	kombi	2000	manual	116	mondeo	150000	5	petrol	ford	Yes
1219	700	coupe	2000	manual	116	astra	150000	11	petrol	opel	not-declared
1221	550	kleinwagen	1998	manual	60	corsa	150000	0	petrol	opel	No
1222	3800	limousine	2003	manual	80	astra	125000	7	diesel	opel	No
1223	1799	bus	2003	manual	82	kangoo	150000	10	diesel	renault	No
1225	1650	limousine	1998	manual	125	golf	150000	4	not-declared	volkswagen	not-declared
1226	1890	limousine	1997	manual	150	5er	150000	0	petrol	bmw	No
1227	1000	kleinwagen	2001	manual	56	cuore	125000	0	petrol	daihatsu	not-declared
1229	600	kleinwagen	1993	manual	54	clio	80000	4	petrol	renault	No
1230	1900	kombi	2005	manual	177	avensis	150000	5	diesel	toyota	Yes
1231	600	not-declared	2016	manual	60	golf	150000	11	not-declared	volkswagen	not-declared
1232	16960	suv	2013	manual	122	tiguan	30000	6	petrol	volkswagen	No
1233	250	not-declared	1997	automatic	60	corsa	150000	6	petrol	opel	No
1234	6250	kombi	2007	manual	102	caddy	150000	8	petrol	volkswagen	No
1235	26500	suv	2011	automatic	231	glk	70000	10	diesel	mercedes_benz	No
1236	7900	bus	2007	manual	150	zafira	150000	6	diesel	opel	not-declared
1238	5300	suv	2004	automatic	194	sorento	150000	4	petrol	kia	No
1239	7500	limousine	2010	manual	111	c4	80000	11	diesel	citroen	No
1240	14400	coupe	2008	automatic	299	passat	125000	8	petrol	volkswagen	No
1241	2100	kleinwagen	2000	manual	105	golf	150000	10	petrol	volkswagen	No
1242	400	limousine	1998	manual	101	not-declared	150000	3	petrol	opel	not-declared
1243	249	kleinwagen	1998	manual	75	andere	150000	9	petrol	rover	Yes
1246	7150	kombi	2007	manual	116	forester	125000	7	lpg	subaru	No
1247	20900	kombi	2014	manual	110	a3	20000	11	petrol	audi	No
1249	5800	limousine	2000	automatic	326	7er	150000	3	petrol	bmw	Yes
1250	5500	kombi	2002	manual	150	3er	150000	5	diesel	bmw	No
1251	11990	limousine	2006	automatic	224	e_klasse	150000	12	diesel	mercedes_benz	not-declared
1252	25345	coupe	1967	manual	54	andere	125000	12	petrol	volkswagen	No
1253	4950	kleinwagen	2007	manual	80	polo	100000	12	petrol	volkswagen	No
1254	17800	bus	2016	manual	99	andere	5000	1	diesel	peugeot	No
1255	888	kleinwagen	2005	manual	60	not-declared	150000	0	petrol	hyundai	Yes
1257	10900	limousine	2008	manual	160	a4	100000	5	petrol	audi	No
1260	12500	limousine	2007	manual	140	golf	150000	8	diesel	volkswagen	No
1261	1650	limousine	1998	manual	125	not-declared	150000	11	not-declared	mercedes_benz	No
1262	13000	limousine	2008	automatic	177	5er	125000	10	diesel	bmw	No
1263	7900	limousine	1980	automatic	194	e_klasse	125000	9	petrol	mercedes_benz	No
1264	2200	limousine	2000	automatic	101	golf	150000	9	petrol	volkswagen	No
1267	3300	kombi	2003	manual	170	c_klasse	150000	4	lpg	mercedes_benz	No
1268	2500	limousine	2003	manual	101	golf	150000	10	diesel	volkswagen	No
1270	6300	limousine	2005	manual	179	a6	150000	10	diesel	audi	No
1271	10000	limousine	2012	manual	177	a4	150000	3	diesel	audi	No
1272	950	limousine	1998	manual	90	golf	150000	2	diesel	volkswagen	not-declared
1273	9000	suv	2003	automatic	163	grand	90000	9	diesel	jeep	No
1275	1390	limousine	1998	manual	75	colt	150000	3	petrol	mitsubishi	No
1276	4200	kombi	2006	manual	136	v50	150000	12	diesel	volvo	No
1277	9299	kleinwagen	2011	manual	105	fabia	50000	9	petrol	skoda	No
1278	6399	cabrio	2003	manual	110	mx_reihe	80000	4	petrol	mazda	No
1279	8500	limousine	2000	manual	193	a8	150000	4	petrol	audi	No
1280	1900	limousine	2003	manual	145	mondeo	150000	8	petrol	ford	No
1281	5600	kleinwagen	2009	manual	60	fiesta	80000	3	petrol	ford	No
1282	3300	cabrio	2003	manual	61	fortwo	100000	1	petrol	smart	No
1284	51000	kombi	2015	automatic	258	5er	5000	3	diesel	bmw	No
1285	3000	limousine	2001	manual	85	astra	90000	7	petrol	opel	No
1286	2100	kombi	1999	automatic	279	e_klasse	150000	1	petrol	mercedes_benz	No
1287	6299	kleinwagen	2012	manual	60	up	50000	11	petrol	volkswagen	No
1288	18500	kombi	2014	manual	140	passat	50000	4	diesel	volkswagen	No
1289	1300	kombi	2002	manual	95	kangoo	150000	9	petrol	renault	Yes
1293	7777	bus	2007	manual	140	sharan	150000	5	diesel	volkswagen	No
1294	2000	bus	2003	manual	87	meriva	150000	11	petrol	opel	No
1295	4200	limousine	2004	manual	125	astra	125000	11	petrol	opel	not-declared
1296	2800	suv	2002	manual	138	scenic	150000	8	petrol	renault	not-declared
1297	10999	limousine	2006	automatic	177	5er	30000	3	petrol	bmw	No
1298	1999	kombi	1991	automatic	179	e_klasse	150000	6	petrol	mercedes_benz	Yes
1299	3999	kombi	2005	manual	136	passat	150000	7	diesel	volkswagen	No
1300	6490	kombi	2010	automatic	110	focus	125000	8	diesel	ford	No
1301	4490	coupe	1984	automatic	310	andere	150000	4	petrol	porsche	No
1304	50950	suv	2014	automatic	256	discovery	20000	3	diesel	land_rover	No
1305	7299	bus	2008	manual	175	s_max	150000	11	diesel	ford	No
1306	5500	limousine	1980	manual	96	andere	60000	1	petrol	ford	No
1307	1500	limousine	1998	manual	116	andere	150000	6	petrol	volvo	No
1310	1199	limousine	1995	automatic	326	7er	150000	1	petrol	bmw	No
1311	6199	limousine	2008	manual	122	golf	150000	4	petrol	volkswagen	No
1312	4900	bus	2004	manual	105	touran	150000	10	diesel	volkswagen	Yes
1313	4000	kleinwagen	2008	manual	73	c3	90000	10	petrol	citroen	No
1314	3050	bus	2006	manual	114	andere	150000	12	diesel	renault	No
1315	8350	limousine	2010	manual	110	astra	100000	5	diesel	opel	not-declared
1316	450	limousine	1997	manual	103	andere	150000	11	petrol	fiat	Yes
1317	1400	limousine	2000	automatic	116	astra	150000	3	petrol	opel	No
1318	12400	cabrio	2008	manual	136	c_reihe	150000	5	diesel	volvo	No
1319	8900	kombi	2008	manual	170	3er	90000	7	petrol	bmw	No
1320	12900	kombi	2006	manual	231	3er	150000	7	not-declared	bmw	not-declared


